{"cameraMode":{"drawMode":0,"name":"Shaded","section":"Shading Mode"},"sceneLighting":true,"audioPlay":false,"sceneViewState":{"showFog":true,"showMaterialUpdate":false,"showSkybox":true,"showFlares":true,"showImageEffects":true,"showParticleSystems":true},"in2DMode":false,"pivot":{"x":27.067983627319337,"y":-58.75179672241211,"z":448.26434326171877},"rotation":{"x":-0.13405069708824159,"y":-0.38760244846343996,"z":0.05611607804894447,"w":-0.9105088114738464},"size":9.01734447479248,"orthographic":false}