{"cameraMode":{"drawMode":0,"name":"Shaded","section":"Shading Mode"},"sceneLighting":true,"audioPlay":false,"sceneViewState":{"showFog":true,"showMaterialUpdate":false,"showSkybox":true,"showFlares":true,"showImageEffects":true,"showParticleSystems":true},"in2DMode":false,"pivot":{"x":1.4583085775375367,"y":2.7771804332733156,"z":7.8908371925354},"rotation":{"x":0.05856170505285263,"y":-0.08525381237268448,"z":0.00501923868432641,"w":0.9946331977844238},"size":0.8660256266593933,"orthographic":false}