{"cameraMode":{"drawMode":0,"name":"Shaded","section":"Shading Mode"},"sceneLighting":false,"audioPlay":false,"sceneViewState":{"showFog":true,"showMaterialUpdate":false,"showSkybox":false,"showFlares":true,"showImageEffects":true,"showParticleSystems":true},"in2DMode":false,"pivot":{"x":-4.864999771118164,"y":0.722000002861023,"z":2.3940000534057619},"rotation":{"x":-0.12127140909433365,"y":-0.5034006237983704,"z":0.0716174766421318,"w":-0.852507472038269},"size":5.10122537612915,"orthographic":false}